{
    "key": "group_621cb253445ae",
    "title": "Header Settings",
    "fields": [
        {
            "key": "field_648f6813c495e",
            "label": "Notification",
            "name": "notification",
            "aria-label": "",
            "type": "textarea",
            "instructions": "",
            "required": 0,
            "conditional_logic": 0,
            "wrapper": {
                "width": "",
                "class": "",
                "id": ""
            },
            "acfe_save_meta": 0,
            "default_value": "",
            "acfe_textarea_code": 0,
            "maxlength": "",
            "rows": 4,
            "placeholder": "",
            "new_lines": "br"
        },
        {
            "key": "field_621cb26d079dd",
            "label": "Logo Image",
            "name": "",
            "aria-label": "",
            "type": "message",
            "instructions": "",
            "required": 0,
            "conditional_logic": 0,
            "wrapper": {
                "width": "",
                "class": "",
                "id": ""
            },
            "message": "Logo image can be edited from <a href=\"\/wp-admin\/customize.php\">here<\/a>.\r\n<em>Dashboard > Appearance > Customize > Site Identity<\/em>",
            "new_lines": "wpautop",
            "esc_html": 0
        },
        {
            "key": "field_6429b754c4e1d",
            "label": "Navigation",
            "name": "",
            "aria-label": "",
            "type": "message",
            "instructions": "",
            "required": 0,
            "conditional_logic": 0,
            "wrapper": {
                "width": "",
                "class": "",
                "id": ""
            },
            "message": "Navigation can be edited from <a href=\"\/wp-admin\/nav-menus.php\">here<\/a>.\r\n<em>Dashboard > Appearance > Menus<\/em>",
            "new_lines": "wpautop",
            "esc_html": 0
        },
        {
            "key": "field_64366618c81c9",
            "label": "Track Order URL",
            "name": "track_order",
            "aria-label": "",
            "type": "text",
            "instructions": "",
            "required": 0,
            "conditional_logic": 0,
            "wrapper": {
                "width": "",
                "class": "",
                "id": ""
            },
            "acfe_save_meta": 0,
            "default_value": "",
            "maxlength": "",
            "placeholder": "",
            "prepend": "",
            "append": ""
        }
    ],
    "location": [
        [
            {
                "param": "options_page",
                "operator": "==",
                "value": "acf-options-header"
            }
        ]
    ],
    "menu_order": 0,
    "position": "normal",
    "style": "default",
    "label_placement": "top",
    "instruction_placement": "label",
    "hide_on_screen": "",
    "active": true,
    "description": "",
    "show_in_rest": 0,
    "acfe_display_title": "",
    "acfe_autosync": [
        "json"
    ],
    "acfe_form": 0,
    "acfe_meta": "",
    "acfe_note": "",
    "modified": 1687120442
}