{
    "key": "group_6218acdd68e4d",
    "title": "General Settings",
    "fields": [
        {
            "key": "field_6218b086f118f",
            "label": "Color Scheme",
            "name": "",
            "type": "tab",
            "instructions": "",
            "required": 0,
            "conditional_logic": 0,
            "wrapper": {
                "width": "",
                "class": "",
                "id": ""
            },
            "placement": "left",
            "endpoint": 0
        },
        {
            "key": "field_6218b0acf1190",
            "label": "Primary Color",
            "name": "primary_color",
            "type": "color_picker",
            "instructions": "",
            "required": 0,
            "conditional_logic": 0,
            "wrapper": {
                "width": "33",
                "class": "",
                "id": ""
            },
            "default_value": "#01017B",
            "enable_opacity": 0,
            "return_format": "string"
        },
        {
            "key": "field_62e12eb7d9328",
            "label": "Secondary Color",
            "name": "secondary_color",
            "type": "color_picker",
            "instructions": "",
            "required": 0,
            "conditional_logic": 0,
            "wrapper": {
                "width": "33",
                "class": "",
                "id": ""
            },
            "default_value": "#FF5D33",
            "enable_opacity": 0,
            "return_format": "string"
        },
        {
            "key": "field_622a0de966965",
            "label": "Dark Color",
            "name": "dark_color",
            "type": "color_picker",
            "instructions": "",
            "required": 0,
            "conditional_logic": 0,
            "wrapper": {
                "width": "33",
                "class": "",
                "id": ""
            },
            "default_value": "#242424",
            "enable_opacity": 0,
            "return_format": "string"
        },
        {
            "key": "field_62fd12c5daba6",
            "label": "Light Color",
            "name": "light_color",
            "type": "color_picker",
            "instructions": "",
            "required": 0,
            "conditional_logic": 0,
            "wrapper": {
                "width": "33",
                "class": "",
                "id": ""
            },
            "default_value": "#f5f5fa",
            "enable_opacity": 0,
            "return_format": "string"
        },
        {
            "key": "field_63824d47c5fe9",
            "label": "Border Color",
            "name": "border_color",
            "type": "color_picker",
            "instructions": "",
            "required": 0,
            "conditional_logic": 0,
            "wrapper": {
                "width": "33",
                "class": "",
                "id": ""
            },
            "default_value": "#D3CFCF",
            "enable_opacity": 0,
            "return_format": "string"
        },
        {
            "key": "field_62fd2934c3c15",
            "label": "404 Page",
            "name": "",
            "type": "tab",
            "instructions": "",
            "required": 0,
            "conditional_logic": 0,
            "wrapper": {
                "width": "",
                "class": "",
                "id": ""
            },
            "placement": "top",
            "endpoint": 0
        },
        {
            "key": "field_62fd2948c3c16",
            "label": "Heading",
            "name": "error_heading",
            "type": "text",
            "instructions": "",
            "required": 0,
            "conditional_logic": 0,
            "wrapper": {
                "width": "",
                "class": "",
                "id": ""
            },
            "default_value": "Sorry, something went wrong!",
            "placeholder": "",
            "prepend": "",
            "append": "",
            "maxlength": ""
        },
        {
            "key": "field_62fd2955c3c17",
            "label": "Content",
            "name": "error_content",
            "type": "textarea",
            "instructions": "",
            "required": 0,
            "conditional_logic": 0,
            "wrapper": {
                "width": "",
                "class": "",
                "id": ""
            },
            "default_value": "This page is incidentally inaccessible because of support. We will back very before long much obliged for your understanding",
            "placeholder": "",
            "maxlength": "",
            "rows": "",
            "new_lines": "br"
        },
        {
            "key": "field_62fd2963c3c18",
            "label": "Button",
            "name": "error_button",
            "type": "link",
            "instructions": "",
            "required": 0,
            "conditional_logic": 0,
            "wrapper": {
                "width": "",
                "class": "",
                "id": ""
            },
            "return_format": "array"
        }
    ],
    "location": [
        [
            {
                "param": "options_page",
                "operator": "==",
                "value": "acf-options-general"
            }
        ]
    ],
    "menu_order": 0,
    "position": "normal",
    "style": "default",
    "label_placement": "top",
    "instruction_placement": "label",
    "hide_on_screen": "",
    "active": true,
    "description": "",
    "show_in_rest": 0,
    "modified": 1669484062
}